patient_id,resist_score,OS_STATUS,OS_MONTHS,group
aml_ohsu_2022_2157,-0.3435222222222222,1,19.56164383561644,Low
aml_ohsu_2022_2269,-0.6279444444444444,1,54.41095890410959,Low
aml_ohsu_2022_2313,-0.1729148148148148,1,40.701369863013696,High
aml_ohsu_2022_2418,-0.5933037037037038,1,13.052054794520547,Low
aml_ohsu_2022_2374,-0.43794074074074074,1,57.04109589041096,Low
aml_ohsu_2022_2099,-0.6816703703703703,1,10.224657534246576,Low
aml_ohsu_2022_2391,0.42433333333333334,1,23.243835616438357,High
aml_ohsu_2022_2446,-0.29265555555555556,1,45.30410958904109,Low
aml_ohsu_2022_2398,-0.0013555555555555873,0,0.0,High
aml_ohsu_2022_2271,-1.0384481481481482,0,102.87123287671233,Low
aml_ohsu_2022_2545,-0.3246,1,4.832876712328767,Low
aml_ohsu_2022_2491,0.44509629629629627,1,8.449315068493151,High
aml_ohsu_2022_2518,-1.3376259259259258,1,0.0986301369863013,Low
aml_ohsu_2022_2771,-0.9354962962962964,1,11.30958904109589,Low
aml_ohsu_2022_2340,-0.4996074074074074,0,1.084931506849315,Low
aml_ohsu_2022_2489,-1.0141629629629632,0,92.25205479452056,Low
aml_ohsu_2022_2606,-1.0574703703703703,0,99.35342465753423,Low
aml_ohsu_2022_2038,-0.5741592592592593,1,83.21095890410959,Low
aml_ohsu_2022_2034,-0.15910740740740742,1,0.526027397260274,High
aml_ohsu_2022_2087,0.032285185185185195,1,38.3013698630137,High
aml_ohsu_2022_2469,0.3515074074074074,0,36.55890410958904,High
aml_ohsu_2022_2378,-0.19307037037037034,1,0.2958904109589041,Low
aml_ohsu_2022_2832,0.2242814814814815,1,48.394520547945206,High
aml_ohsu_2022_2466,0.08008518518518519,1,6.378082191780822,High
aml_ohsu_2022_2081,0.08344444444444445,1,5.1945205479452055,High
aml_ohsu_2022_2298,-0.9343592592592592,1,8.778082191780822,Low
aml_ohsu_2022_2005,-0.06966666666666671,1,13.282191780821917,High
aml_ohsu_2022_2407,-0.755911111111111,0,92.08767123287672,Low
aml_ohsu_2022_2278,-0.22792962962962965,0,99.97808219178084,Low
aml_ohsu_2022_2239,-0.08019999999999997,1,14.432876712328769,High
aml_ohsu_2022_2173,-0.9688000000000001,1,33.534246575342465,Low
aml_ohsu_2022_2286,-0.6674259259259259,1,4.142465753424657,Low
aml_ohsu_2022_2326,-0.46387777777777767,0,90.60821917808218,Low
aml_ohsu_2022_2235,0.31770370370370377,1,24.723287671232875,High
aml_ohsu_2022_2097,-0.3123481481481481,1,0.2301369863013698,Low
aml_ohsu_2022_2070,0.6656518518518518,1,87.4849315068493,High
aml_ohsu_2022_2015,-0.7395814814814815,0,89.72054794520548,Low
aml_ohsu_2022_2417,-0.2617296296296296,1,5.786301369863014,Low
aml_ohsu_2022_2509,-0.04455925925925927,0,87.51780821917808,High
aml_ohsu_2022_2473,-0.1779925925925926,1,11.704109589041096,High
aml_ohsu_2022_2191,-0.11927407407407406,1,8.975342465753425,High
aml_ohsu_2022_2506,0.19499259259259263,0,81.76438356164384,High
aml_ohsu_2022_2022,0.6965296296296295,1,14.958904109589042,High
aml_ohsu_2022_2220,-0.3015296296296296,1,4.241095890410959,Low
aml_ohsu_2022_2339,0.2056407407407407,0,17.753424657534246,High
aml_ohsu_2022_2290,0.7158000000000001,1,6.213698630136986,High
aml_ohsu_2022_2683,0.2694814814814815,0,34.55342465753425,High
aml_ohsu_2022_2055,-0.5718111111111112,1,25.01917808219178,Low
aml_ohsu_2022_2055,-0.5478259259259258,1,25.01917808219178,Low
aml_ohsu_2022_2559,0.8435481481481482,0,82.91506849315068,High
aml_ohsu_2022_2274,0.008937037037037023,0,45.27123287671233,High
aml_ohsu_2022_2429,-0.1719111111111111,1,8.876712328767123,High
aml_ohsu_2022_2429,-0.5715518518518518,1,8.876712328767123,Low
aml_ohsu_2022_2230,0.4133777777777778,1,10.84931506849315,High
aml_ohsu_2022_2543,0.311,1,13.80821917808219,High
aml_ohsu_2022_2198,0.7299296296296297,1,23.638356164383563,High
aml_ohsu_2022_2245,0.23973703703703708,1,40.66849315068493,High
aml_ohsu_2022_2259,-0.8651777777777778,1,7.495890410958903,Low
aml_ohsu_2022_2403,-0.4855333333333334,1,0.0657534246575342,Low
aml_ohsu_2022_2403,-0.37985555555555556,1,0.0657534246575342,Low
aml_ohsu_2022_2195,0.33428148148148146,1,12.591780821917808,High
aml_ohsu_2022_2221,-0.026929629629629623,0,47.17808219178082,High
aml_ohsu_2022_2261,0.324862962962963,1,4.076712328767123,High
aml_ohsu_2022_2128,1.3092518518518517,0,4.701369863013698,High
aml_ohsu_2022_2186,-0.6224259259259258,1,12.164383561643836,Low
aml_ohsu_2022_2186,-0.13586296296296294,1,12.164383561643836,High
aml_ohsu_2022_2789,-0.3554074074074074,1,5.884931506849314,Low
aml_ohsu_2022_2115,0.04461481481481482,0,60.75616438356164,High
aml_ohsu_2022_2079,0.19049999999999997,1,18.673972602739727,High
aml_ohsu_2022_2079,-0.16305185185185186,1,18.673972602739727,High
aml_ohsu_2022_2408,0.2725925925925926,0,30.246575342465757,High
aml_ohsu_2022_2281,-0.0017999999999999826,1,5.128767123287672,High
aml_ohsu_2022_2179,-0.006299999999999987,1,8.087671232876712,High
aml_ohsu_2022_2485,0.2779037037037037,1,21.63287671232877,High
aml_ohsu_2022_2485,0.13474814814814817,1,21.63287671232877,High
aml_ohsu_2022_2288,-0.23055555555555557,1,11.145205479452054,Low
aml_ohsu_2022_2105,-0.20094444444444445,1,18.115068493150684,Low
aml_ohsu_2022_2108,-0.3927851851851852,1,0.9534246575342468,Low
aml_ohsu_2022_2248,-0.16031481481481477,1,18.246575342465757,High
aml_ohsu_2022_2248,-0.036018518518518484,1,18.246575342465757,High
aml_ohsu_2022_2419,0.005711111111111107,0,48.88767123287671,High
aml_ohsu_2022_2047,0.10167777777777777,1,13.643835616438356,High
aml_ohsu_2022_2212,-0.4191074074074074,1,7.002739726027398,Low
aml_ohsu_2022_2254,-0.28930740740740746,0,33.56712328767124,Low
aml_ohsu_2022_2365,-0.2743851851851852,1,5.556164383561644,Low
aml_ohsu_2022_2260,-0.0278,1,10.947945205479453,High
aml_ohsu_2022_2270,-0.5269851851851852,1,18.673972602739727,Low
aml_ohsu_2022_2270,-0.2313592592592593,1,18.673972602739727,Low
aml_ohsu_2022_2777,-0.4425962962962963,1,10.816438356164385,Low
aml_ohsu_2022_2159,-0.24042962962962963,1,3.813698630136986,Low
aml_ohsu_2022_2036,0.3556037037037037,0,44.25205479452055,High
aml_ohsu_2022_2405,-0.536888888888889,1,30.70684931506849,Low
aml_ohsu_2022_2499,0.08119259259259258,0,7.857534246575343,High
aml_ohsu_2022_2016,0.5137259259259258,0,19.89041095890411,High
aml_ohsu_2022_2539,-0.4727925925925927,1,32.18630136986302,Low
aml_ohsu_2022_2369,-0.9171481481481482,0,91.03561643835616,Low
aml_ohsu_2022_2075,0.32288888888888895,1,12.69041095890411,High
aml_ohsu_2022_2330,-0.25870000000000004,1,3.5178082191780824,Low
aml_ohsu_2022_2540,-0.30828888888888883,0,45.66575342465754,Low
aml_ohsu_2022_2373,0.12030740740740742,1,1.084931506849315,High
aml_ohsu_2022_2576,-0.3519925925925926,1,11.736986301369862,Low
aml_ohsu_2022_2492,-0.011603703703703692,0,0.9534246575342468,High
aml_ohsu_2022_2399,0.24825925925925926,0,13.676712328767124,High
aml_ohsu_2022_2017,-0.9769666666666668,0,89.85205479452054,Low
aml_ohsu_2022_2567,0.6153888888888889,0,33.13972602739726,High
aml_ohsu_2022_2297,0.11958148148148151,1,19.134246575342463,High
aml_ohsu_2022_2023,-0.03725185185185187,1,8.613698630136987,High
aml_ohsu_2022_2413,0.34862592592592595,1,9.830136986301367,High
aml_ohsu_2022_2273,0.12265925925925926,1,0.3287671232876712,High
aml_ohsu_2022_2458,0.33922962962962966,1,11.736986301369862,High
aml_ohsu_2022_2345,0.07804444444444442,1,23.44109589041096,High
aml_ohsu_2022_2563,-0.24206666666666662,0,0.0,Low
aml_ohsu_2022_2562,-0.6852407407407407,1,9.6986301369863,Low
aml_ohsu_2022_2314,-0.5699444444444445,0,80.15342465753425,Low
aml_ohsu_2022_2300,-0.10720000000000006,1,6.50958904109589,High
aml_ohsu_2022_2574,0.2473407407407407,0,77.26027397260273,High
aml_ohsu_2022_2067,-0.4042333333333334,0,80.64657534246575,Low
aml_ohsu_2022_2227,-0.9509296296296297,1,6.8054794520547945,Low
aml_ohsu_2022_2554,-0.5066555555555555,1,8.284931506849315,Low
aml_ohsu_2022_2205,-0.5259222222222222,1,11.736986301369862,Low
aml_ohsu_2022_2231,-0.22516296296296298,1,11.013698630136986,Low
aml_ohsu_2022_2231,-0.5202592592592592,1,11.013698630136986,Low
aml_ohsu_2022_2162,0.888051851851852,1,33.04109589041096,High
aml_ohsu_2022_2561,-0.43595555555555554,1,73.67671232876712,Low
aml_ohsu_2022_2123,0.43653333333333333,1,13.841095890410958,High
aml_ohsu_2022_2029,-0.5660074074074073,1,45.13972602739726,Low
aml_ohsu_2022_2029,-0.6700037037037037,1,45.13972602739726,Low
aml_ohsu_2022_2241,-0.07731851851851854,1,4.536986301369863,High
aml_ohsu_2022_2241,0.11210740740740742,1,4.536986301369863,High
aml_ohsu_2022_2305,0.09667777777777777,1,14.432876712328769,High
aml_ohsu_2022_2348,0.16277407407407404,0,1.1835616438356165,High
aml_ohsu_2022_2394,-0.5211777777777779,1,10.454794520547946,Low
aml_ohsu_2022_2394,0.06617777777777775,1,10.454794520547946,High
aml_ohsu_2022_2165,0.5521407407407407,1,31.989041095890407,High
aml_ohsu_2022_2397,-0.33278888888888886,0,2.334246575342466,Low
aml_ohsu_2022_2130,-0.31705185185185186,1,23.17808219178082,Low
aml_ohsu_2022_2447,0.07476666666666672,0,41.0958904109589,High
aml_ohsu_2022_2447,-0.24721481481481483,0,41.0958904109589,Low
aml_ohsu_2022_2008,-0.30340370370370373,0,69.50136986301371,Low
aml_ohsu_2022_2279,0.08278148148148147,1,0.9863013698630136,High
aml_ohsu_2022_2684,-0.5908333333333333,1,11.046575342465754,Low
aml_ohsu_2022_2134,0.23338148148148152,0,27.58356164383562,High
aml_ohsu_2022_2448,-0.5068111111111111,0,72.23013698630137,Low
aml_ohsu_2022_2176,-0.4433333333333333,0,0.0,Low
aml_ohsu_2022_2490,-0.47654814814814805,1,56.05479452054794,Low
aml_ohsu_2022_2336,0.10457407407407408,1,5.293150684931507,High
aml_ohsu_2022_2166,-0.6216555555555556,1,9.402739726027397,Low
aml_ohsu_2022_2160,-0.017796296296296265,0,27.15616438356164,High
aml_ohsu_2022_2148,0.05305185185185186,1,12.986301369863014,High
aml_ohsu_2022_2184,-0.340837037037037,1,5.49041095890411,Low
aml_ohsu_2022_2457,-0.41572222222222216,1,7.495890410958903,Low
aml_ohsu_2022_2354,-0.08621111111111111,1,11.243835616438355,High
aml_ohsu_2022_2376,1.0705074074074075,0,33.599999999999994,High
aml_ohsu_2022_2385,0.3609814814814815,0,38.00547945205479,High
aml_ohsu_2022_2003,-0.12808148148148146,1,1.7424657534246577,High
aml_ohsu_2022_2149,0.3600074074074074,0,26.005479452054796,High
aml_ohsu_2022_2054,-0.3581222222222223,0,1.084931506849315,Low
aml_ohsu_2022_2199,-0.49530370370370363,1,1.1506849315068493,Low
aml_ohsu_2022_2529,0.3980814814814815,0,39.55068493150685,High
aml_ohsu_2022_2529,0.06157777777777777,0,39.55068493150685,High
aml_ohsu_2022_2454,-0.4734518518518519,1,15.18904109589041,Low
aml_ohsu_2022_2104,-0.018925925925925926,1,8.515068493150684,High
aml_ohsu_2022_2558,-0.1468777777777778,1,10.75068493150685,High
aml_ohsu_2022_2013,0.4659962962962962,1,2.3013698630136985,High
aml_ohsu_2022_2289,0.36745185185185186,1,4.5041095890410965,High
aml_ohsu_2022_2106,-0.7362740740740741,1,15.45205479452055,Low
aml_ohsu_2022_2510,-0.19779259259259263,1,17.52328767123288,Low
aml_ohsu_2022_2169,0.11265555555555556,1,9.994520547945204,High
aml_ohsu_2022_2026,0.3850814814814814,1,37.28219178082192,High
aml_ohsu_2022_2370,1.0130074074074074,0,19.56164383561644,High
aml_ohsu_2022_2135,-0.2503259259259259,0,11.30958904109589,Low
aml_ohsu_2022_2200,-0.8707444444444447,1,14.564383561643837,Low
aml_ohsu_2022_2358,0.20072592592592592,0,81.69863013698631,High
aml_ohsu_2022_2050,-0.8765962962962961,0,44.31780821917808,Low
aml_ohsu_2022_2729,0.3529777777777778,0,18.410958904109588,High
aml_ohsu_2022_2455,0.10387037037037035,1,8.35068493150685,High
aml_ohsu_2022_2267,-0.9464444444444443,1,8.054794520547945,Low
aml_ohsu_2022_2335,-0.14176666666666665,0,177.43561643835616,High
aml_ohsu_2022_2480,0.2955851851851852,0,38.00547945205479,High
aml_ohsu_2022_2516,-0.869125925925926,0,21.895890410958906,Low
aml_ohsu_2022_2058,-0.2536,0,38.400000000000006,Low
aml_ohsu_2022_2415,-0.2839703703703703,1,5.1945205479452055,Low
aml_ohsu_2022_2308,0.04654444444444445,1,63.71506849315068,High
aml_ohsu_2022_2523,-0.5260259259259259,1,32.97534246575343,Low
aml_ohsu_2022_2121,0.22365185185185188,0,36.1972602739726,High
aml_ohsu_2022_2121,-0.08568518518518518,0,36.1972602739726,High
aml_ohsu_2022_2575,-0.5089333333333333,0,82.35616438356165,Low
aml_ohsu_2022_2144,0.8031592592592592,1,1.5452054794520549,High
aml_ohsu_2022_2484,-0.7964481481481482,1,7.101369863013699,Low
aml_ohsu_2022_2127,0.2442888888888889,0,16.66849315068493,High
aml_ohsu_2022_2482,-0.19281111111111107,0,13.709589041095892,Low
aml_ohsu_2022_2178,-0.5716592592592592,1,2.202739726027397,Low
aml_ohsu_2022_2517,-0.1259777777777778,1,5.326027397260274,High
aml_ohsu_2022_2119,-0.9415185185185185,0,79.66027397260274,Low
aml_ohsu_2022_2043,-0.302437037037037,1,0.4931506849315068,Low
aml_ohsu_2022_2461,-0.7965407407407407,0,0.6904109589041096,Low
aml_ohsu_2022_2573,-0.3963592592592593,0,6.936986301369863,Low
aml_ohsu_2022_2150,0.12082592592592586,0,79.75890410958904,High
aml_ohsu_2022_2486,-1.220877777777778,1,3.419178082191781,Low
aml_ohsu_2022_2364,-0.16691851851851855,1,0.526027397260274,High
aml_ohsu_2022_2151,0.17820740740740748,1,3.6493150684931512,High
aml_ohsu_2022_2103,-0.15546296296296294,1,10.52054794520548,High
aml_ohsu_2022_2294,-0.43890370370370374,1,11.967123287671232,Low
aml_ohsu_2022_2032,0.32175185185185184,0,36.32876712328768,High
aml_ohsu_2022_2346,0.2961777777777777,0,33.66575342465754,High
aml_ohsu_2022_2141,-0.6169555555555556,1,56.38356164383561,Low
aml_ohsu_2022_2552,0.6164074074074074,1,22.35616438356164,High
aml_ohsu_2022_2244,-0.584022222222222,1,1.1506849315068493,Low
aml_ohsu_2022_2283,0.21028888888888894,1,2.367123287671233,High
aml_ohsu_2022_2175,-0.22826666666666665,1,1.1178082191780825,Low
aml_ohsu_2022_2056,0.08717037037037037,0,14.926027397260274,High
aml_ohsu_2022_2285,-0.5151888888888888,0,33.4027397260274,Low
aml_ohsu_2022_2301,-0.7435999999999999,1,45.66575342465754,Low
aml_ohsu_2022_2301,-0.7450481481481481,1,45.66575342465754,Low
aml_ohsu_2022_2301,-0.9326222222222221,1,45.66575342465754,Low
aml_ohsu_2022_2262,-0.9983037037037038,1,27.71506849315069,Low
aml_ohsu_2022_2225,-0.18978518518518522,0,28.734246575342468,High
aml_ohsu_2022_2324,0.7948925925925926,1,2.367123287671233,High
aml_ohsu_2022_2250,-0.7346111111111111,1,3.254794520547945,Low
aml_ohsu_2022_2409,0.14256666666666665,1,14.761643835616438,High
aml_ohsu_2022_2409,-0.1729481481481481,1,14.761643835616438,High
aml_ohsu_2022_2400,0.11597407407407409,1,10.158904109589042,High
aml_ohsu_2022_2362,0.6086296296296295,0,34.32328767123288,High
aml_ohsu_2022_2303,-0.4621555555555556,0,1.1506849315068493,Low
aml_ohsu_2022_2069,-0.8183074074074076,0,78.34520547945205,Low
aml_ohsu_2022_2000,0.03388518518518518,1,8.843835616438355,High
aml_ohsu_2022_2275,0.2397259259259259,0,6.41095890410959,High
aml_ohsu_2022_2170,-1.1968296296296297,1,8.054794520547945,Low
aml_ohsu_2022_2242,0.1312037037037037,1,14.136986301369864,High
aml_ohsu_2022_2366,-0.7488296296296296,1,28.6027397260274,Low
aml_ohsu_2022_2366,-0.5945962962962964,1,28.6027397260274,Low
aml_ohsu_2022_2263,0.1316888888888889,0,1.0191780821917809,High
aml_ohsu_2022_2445,-0.1166777777777778,1,0.6904109589041096,High
aml_ohsu_2022_2306,0.7082777777777779,0,71.5068493150685,High
aml_ohsu_2022_2334,-0.9882777777777778,1,5.49041095890411,Low
aml_ohsu_2022_2114,-0.1653333333333333,0,74.69589041095891,High
aml_ohsu_2022_2495,0.15837777777777773,1,2.663013698630137,High
aml_ohsu_2022_2342,-0.609362962962963,0,30.871232876712327,Low
aml_ohsu_2022_2464,0.8229407407407408,1,19.101369863013694,High
aml_ohsu_2022_2323,0.22477037037037034,0,31.2986301369863,High
aml_ohsu_2022_2110,-0.17483333333333334,1,100.8986301369863,High
aml_ohsu_2022_2246,0.5491074074074075,1,6.706849315068494,High
aml_ohsu_2022_2533,0.2610888888888889,1,10.652054794520549,High
aml_ohsu_2022_2566,-0.5893851851851852,0,70.45479452054795,Low
aml_ohsu_2022_2566,-0.666074074074074,0,70.45479452054795,Low
aml_ohsu_2022_2453,-0.45560000000000006,1,17.0958904109589,Low
aml_ohsu_2022_2453,-0.12671851851851848,1,17.0958904109589,High
aml_ohsu_2022_2453,-0.5936444444444443,1,17.0958904109589,Low
aml_ohsu_2022_2327,0.4517629629629629,1,0.263013698630137,High
aml_ohsu_2022_2107,-0.20660000000000006,1,0.1972602739726027,Low
aml_ohsu_2022_2442,-0.7279111111111112,1,8.21917808219178,Low
aml_ohsu_2022_2236,0.6534296296296297,0,69.17260273972603,High
aml_ohsu_2022_2412,0.24486296296296295,1,9.468493150684932,High
aml_ohsu_2022_2073,-0.29166296296296296,1,6.904109589041095,Low
aml_ohsu_2022_2521,-0.05999629629629629,1,1.643835616438356,High
aml_ohsu_2022_2487,-0.10521481481481477,0,71.67123287671232,High
aml_ohsu_2022_2101,-0.004829629629629649,1,8.186301369863013,High
aml_ohsu_2022_2456,0.5627703703703705,1,15.287671232876711,High
aml_ohsu_2022_2133,-0.6035851851851852,0,68.87671232876713,Low
aml_ohsu_2022_2387,-0.7486000000000002,0,63.68219178082191,Low
aml_ohsu_2022_2064,1.370062962962963,1,14.728767123287671,High
aml_ohsu_2022_2338,-0.5737407407407408,1,1.3808219178082193,Low
aml_ohsu_2022_2066,-0.425274074074074,1,10.421917808219176,Low
aml_ohsu_2022_2077,-0.08683703703703706,1,9.205479452054794,High
aml_ohsu_2022_2077,-0.3819555555555556,1,9.205479452054794,Low
aml_ohsu_2022_2350,0.791511111111111,0,1.4794520547945205,High
aml_ohsu_2022_2240,0.9005000000000001,0,29.063013698630137,High
aml_ohsu_2022_2329,0.7008111111111113,0,28.86575342465753,High
aml_ohsu_2022_2343,-0.3858962962962963,1,20.646575342465752,Low
aml_ohsu_2022_2304,-0.7697962962962963,1,20.81095890410959,Low
aml_ohsu_2022_2532,0.177137037037037,1,10.323287671232876,High
aml_ohsu_2022_2019,0.3614222222222222,1,1.2493150684931509,High
aml_ohsu_2022_2010,-0.3354185185185185,0,26.432876712328763,Low
aml_ohsu_2022_2494,-0.05155925925925923,1,2.6301369863013697,High
aml_ohsu_2022_2292,0.09933333333333334,1,20.81095890410959,High
aml_ohsu_2022_2292,0.5363592592592593,1,20.81095890410959,High
aml_ohsu_2022_2292,0.549325925925926,1,20.81095890410959,High
aml_ohsu_2022_2424,-0.5097777777777778,0,71.73698630136987,Low
aml_ohsu_2022_2524,0.3412740740740741,1,1.1835616438356165,High
aml_ohsu_2022_2291,-0.43129629629629623,1,28.306849315068497,Low
aml_ohsu_2022_2072,0.7649148148148148,0,3.682191780821918,High
aml_ohsu_2022_2088,-0.5432370370370371,1,0.821917808219178,Low
aml_ohsu_2022_2402,0.684174074074074,1,18.575342465753423,High
aml_ohsu_2022_2039,-0.1698333333333333,0,71.5068493150685,High
aml_ohsu_2022_2328,-0.0978296296296296,1,9.928767123287672,High
aml_ohsu_2022_2060,0.31896296296296295,0,63.68219178082191,High
aml_ohsu_2022_2065,-0.4521555555555555,0,25.05205479452055,Low
aml_ohsu_2022_2014,-0.7280666666666668,0,60.26301369863013,Low
aml_ohsu_2022_2513,-0.8529222222222222,0,62.16986301369863,Low
aml_ohsu_2022_2371,-0.5030888888888888,1,8.416438356164385,Low
aml_ohsu_2022_2356,0.0923740740740741,0,18.14794520547945,High
aml_ohsu_2022_2577,-0.22061481481481485,0,24.55890410958904,Low
aml_ohsu_2022_2432,0.9223925925925924,1,0.3616438356164383,High
aml_ohsu_2022_2116,0.2278407407407407,1,11.408219178082192,High
aml_ohsu_2022_2080,-0.3984296296296296,1,4.010958904109589,Low
aml_ohsu_2022_2080,-1.1002037037037036,1,4.010958904109589,Low
aml_ohsu_2022_2202,-0.3586407407407407,1,13.93972602739726,Low
aml_ohsu_2022_2202,0.1643592592592593,1,13.93972602739726,High
aml_ohsu_2022_2265,-0.09392962962962965,0,16.306849315068494,High
aml_ohsu_2022_2111,-0.18455925925925923,0,71.11232876712329,High
aml_ohsu_2022_2411,-0.18315185185185193,0,68.48219178082192,High
aml_ohsu_2022_2238,-0.4890777777777777,1,5.523287671232877,Low
aml_ohsu_2022_2238,-0.38408888888888887,1,5.523287671232877,Low
aml_ohsu_2022_2238,-0.8853481481481482,1,5.523287671232877,Low
aml_ohsu_2022_2437,-0.9201074074074074,1,4.208219178082192,Low
aml_ohsu_2022_2215,-0.02901481481481481,1,20.67945205479452,High
aml_ohsu_2022_2025,-0.13384444444444443,1,7.594520547945205,High
aml_ohsu_2022_2122,-0.1969777777777778,1,1.084931506849315,Low
aml_ohsu_2022_2049,0.02890740740740741,1,6.180821917808219,High
aml_ohsu_2022_2511,0.2740592592592593,0,0.8547945205479452,High
aml_ohsu_2022_2386,-0.3309222222222222,0,64.33972602739726,Low
aml_ohsu_2022_2420,-0.6001037037037037,1,0.8547945205479452,Low
aml_ohsu_2022_2478,-0.5528629629629629,1,1.6767123287671235,Low
aml_ohsu_2022_2393,0.16498888888888885,0,64.5041095890411,High
aml_ohsu_2022_2044,-0.5649074074074073,1,3.8794520547945206,Low
aml_ohsu_2022_2044,-0.6563481481481481,1,3.8794520547945206,Low
aml_ohsu_2022_2218,-0.1933925925925926,0,70.12602739726027,Low
aml_ohsu_2022_2257,-0.6534555555555556,1,5.884931506849314,Low
aml_ohsu_2022_2381,-0.26704074074074075,1,1.1835616438356165,Low
aml_ohsu_2022_2018,-0.2819814814814815,0,40.47123287671233,Low
aml_ohsu_2022_2156,0.35211481481481477,1,4.964383561643836,High
aml_ohsu_2022_2226,0.03980740740740742,0,77.12876712328767,High
aml_ohsu_2022_2351,-0.0981814814814815,1,13.972602739726028,High
aml_ohsu_2022_2177,-0.6859888888888889,0,15.978082191780825,Low
aml_ohsu_2022_2074,-0.050411111111111136,1,10.652054794520549,High
aml_ohsu_2022_2172,-0.471711111111111,1,11.441095890410958,Low
aml_ohsu_2022_2172,-0.8115222222222221,1,11.441095890410958,Low
aml_ohsu_2022_2251,0.1724444444444444,1,19.232876712328768,High
aml_ohsu_2022_2507,0.37587037037037035,0,66.64109589041095,High
aml_ohsu_2022_2140,0.18527037037037036,0,1.2164383561643834,High
aml_ohsu_2022_2498,-0.43354074074074067,1,14.268493150684932,Low
aml_ohsu_2022_2004,-0.3990481481481481,1,0.5589041095890411,Low
aml_ohsu_2022_2433,-0.46678518518518514,1,10.487671232876712,Low
aml_ohsu_2022_2139,-0.1664037037037037,1,0.4602739726027397,High
aml_ohsu_2022_2368,-0.15308888888888889,0,68.21917808219177,High
aml_ohsu_2022_2138,-0.1107962962962963,0,21.27123287671233,High
aml_ohsu_2022_2410,0.32713333333333333,1,8.810958904109588,High
aml_ohsu_2022_2201,0.22933333333333328,0,9.468493150684932,High
aml_ohsu_2022_2196,-0.2815851851851852,0,21.96164383561644,Low
aml_ohsu_2022_2210,-0.43433333333333335,0,18.936986301369863,Low
aml_ohsu_2022_2210,-0.2879555555555556,0,18.936986301369863,Low
aml_ohsu_2022_2009,-0.6098555555555556,1,19.101369863013694,Low
aml_ohsu_2022_2341,-0.11007407407407409,1,20.942465753424656,High
aml_ohsu_2022_2136,-0.2530666666666667,1,11.210958904109589,Low
aml_ohsu_2022_2344,-0.5544666666666666,0,62.7945205479452,Low
aml_ohsu_2022_2090,-0.7558333333333332,1,28.306849315068497,Low
aml_ohsu_2022_2222,-0.1127888888888889,0,21.46849315068493,High
aml_ohsu_2022_2183,-0.21089629629629628,1,7.824657534246575,Low
aml_ohsu_2022_2041,0.031762962962962965,0,1.1178082191780825,High
aml_ohsu_2022_2322,-0.054003703703703713,1,19.89041095890411,High
aml_ohsu_2022_2145,-0.5729555555555556,1,17.81917808219178,Low
aml_ohsu_2022_2337,-0.1433,1,4.997260273972603,High
aml_ohsu_2022_2316,0.020822222222222228,0,3.1232876712328768,High
aml_ohsu_2022_2232,-0.810637037037037,1,0.263013698630137,Low
aml_ohsu_2022_2031,-0.3844666666666666,0,19.857534246575344,Low
aml_ohsu_2022_2197,0.5765481481481483,0,22.126027397260277,High
aml_ohsu_2022_2568,-0.6056777777777778,0,1.1178082191780825,Low
aml_ohsu_2022_2347,0.157237037037037,1,0.4602739726027397,High
aml_ohsu_2022_2436,0.6934259259259259,0,17.72054794520548,High
aml_ohsu_2022_2383,0.5243555555555555,1,18.410958904109588,High
aml_ohsu_2022_2383,-0.31749259259259255,1,18.410958904109588,Low
aml_ohsu_2022_2465,-0.1358666666666666,0,6.312328767123287,High
aml_ohsu_2022_2035,0.0585037037037037,1,5.227397260273973,High
aml_ohsu_2022_2219,-0.29695185185185186,1,28.405479452054795,Low
aml_ohsu_2022_2219,-0.6459518518518519,1,28.405479452054795,Low
aml_ohsu_2022_2219,-0.9498666666666667,1,28.405479452054795,Low
aml_ohsu_2022_2266,0.454662962962963,1,7.561643835616438,High
aml_ohsu_2022_2544,0.6715851851851851,1,5.424657534246575,High
aml_ohsu_2022_2057,-0.21978148148148144,1,19.594520547945205,Low
aml_ohsu_2022_2310,-0.415637037037037,0,19.035616438356165,Low
aml_ohsu_2022_2276,0.19683333333333333,0,9.928767123287672,High
aml_ohsu_2022_2426,-0.207362962962963,0,61.019178082191786,Low
aml_ohsu_2022_2061,-0.01816296296296294,0,19.824657534246576,High
aml_ohsu_2022_2537,-0.6881814814814815,1,5.556164383561644,Low
aml_ohsu_2022_2206,-0.12095555555555554,0,20.90958904109589,High
aml_ohsu_2022_2471,-0.12182962962962965,1,4.668493150684932,High
aml_ohsu_2022_2321,0.011662962962962962,1,0.1315068493150685,High
aml_ohsu_2022_2522,-0.3101259259259259,1,10.61917808219178,Low
aml_ohsu_2022_2395,0.43811111111111106,1,18.016438356164382,High
aml_ohsu_2022_2395,0.4784777777777778,1,18.016438356164382,High
aml_ohsu_2022_2515,0.10764074074074073,0,0.0,High
aml_ohsu_2022_2146,0.13023333333333334,1,9.6,High
aml_ohsu_2022_2691,0.2854185185185185,1,8.087671232876712,High
aml_ohsu_2022_2046,-0.6915851851851852,1,1.084931506849315,Low
aml_ohsu_2022_2441,-0.3283481481481481,1,19.627397260273973,Low
aml_ohsu_2022_2497,-0.5110185185185184,0,64.10958904109589,Low
aml_ohsu_2022_2037,-0.5643222222222222,1,0.0328767123287671,Low
aml_ohsu_2022_2161,0.6297814814814814,1,6.8054794520547945,High
aml_ohsu_2022_2488,-0.8921703703703705,0,62.26849315068493,Low
aml_ohsu_2022_2468,0.4398777777777778,1,0.7890410958904108,High
aml_ohsu_2022_2531,-0.34710740740740736,0,63.64931506849315,Low
aml_ohsu_2022_2535,-0.572388888888889,0,56.515068493150686,Low
aml_ohsu_2022_2181,-1.1818037037037037,1,8.646575342465754,Low
aml_ohsu_2022_2185,-0.3915666666666667,1,9.13972602739726,Low
aml_ohsu_2022_2052,-0.3487777777777778,0,62.630136986301366,Low
aml_ohsu_2022_2085,-0.2903925925925926,0,13.93972602739726,Low
aml_ohsu_2022_2085,0.1890111111111111,0,13.93972602739726,High
aml_ohsu_2022_2085,0.3219518518518518,0,13.93972602739726,High
aml_ohsu_2022_2085,0.11035925925925925,0,13.93972602739726,High
aml_ohsu_2022_2550,-0.3463518518518519,1,7.627397260273973,Low
aml_ohsu_2022_2450,0.2895037037037037,1,11.046575342465754,High
aml_ohsu_2022_2309,-0.3738222222222222,1,4.241095890410959,Low
aml_ohsu_2022_2247,-0.8382,1,4.865753424657534,Low
aml_ohsu_2022_2318,-0.5365777777777778,0,18.378082191780823,Low
aml_ohsu_2022_2572,0.28354444444444443,1,8.515068493150684,High
aml_ohsu_2022_2182,-0.6512666666666668,1,9.567123287671231,Low
aml_ohsu_2022_2320,-0.8036444444444446,1,19.134246575342463,Low
aml_ohsu_2022_2213,0.204762962962963,0,52.93150684931507,High
aml_ohsu_2022_2549,-0.6971814814814815,1,0.4273972602739726,Low
aml_ohsu_2022_2463,0.17014074074074073,1,2.1369863013698627,High
aml_ohsu_2022_2553,0.5122333333333333,0,0.0,High
aml_ohsu_2022_2100,0.48092962962962965,0,2.695890410958904,High
aml_ohsu_2022_2440,0.7588629629629631,0,9.23835616438356,High
aml_ohsu_2022_2519,0.031985185185185235,0,9.994520547945204,High
aml_ohsu_2022_2367,-0.04592962962962966,1,0.2958904109589041,High
aml_ohsu_2022_2209,0.29052222222222224,0,16.43835616438356,High
aml_ohsu_2022_2363,0.39017777777777773,1,59.96712328767123,High
aml_ohsu_2022_2332,0.7077148148148148,0,10.027397260273972,High
aml_ohsu_2022_2528,0.8738037037037037,1,6.50958904109589,High
aml_ohsu_2022_2556,-0.34928888888888887,1,18.575342465753423,Low
aml_ohsu_2022_2094,-0.5377925925925925,0,62.82739726027397,Low
aml_ohsu_2022_2192,0.6650999999999999,1,3.189041095890411,High
aml_ohsu_2022_2192,0.3636629629629629,1,3.189041095890411,High
aml_ohsu_2022_2530,0.2451,0,23.539726027397258,High
aml_ohsu_2022_2033,0.9942814814814815,1,5.161643835616438,High
aml_ohsu_2022_2414,0.025555555555555533,0,60.16438356164383,High
aml_ohsu_2022_2228,-0.5617037037037037,0,0.8876712328767123,Low
aml_ohsu_2022_2083,0.04945185185185189,0,59.21095890410959,High
aml_ohsu_2022_2129,-0.4246740740740741,1,14.86027397260274,Low
aml_ohsu_2022_2664,0.29079259259259255,0,14.958904109589042,High
aml_ohsu_2022_2557,0.6048851851851852,1,48.98630136986301,High
aml_ohsu_2022_2542,-0.6863222222222222,1,0.9205479452054794,Low
aml_ohsu_2022_2255,-0.4257222222222223,1,0.263013698630137,Low
aml_ohsu_2022_2390,0.9378222222222222,1,15.221917808219178,High
aml_ohsu_2022_2390,0.28207407407407403,1,15.221917808219178,High
aml_ohsu_2022_2153,0.5142518518518518,0,15.287671232876711,High
aml_ohsu_2022_2153,0.5672074074074074,0,15.287671232876711,High
aml_ohsu_2022_2618,-0.342362962962963,1,15.616438356164384,Low
aml_ohsu_2022_2618,-0.7051407407407408,1,15.616438356164384,Low
aml_ohsu_2022_2422,-0.21285555555555555,0,14.03835616438356,Low
aml_ohsu_2022_2830,0.6529444444444443,0,0.7561643835616438,High
aml_ohsu_2022_2333,0.03452962962962961,0,15.978082191780825,High
aml_ohsu_2022_2444,0.195062962962963,0,14.07123287671233,High
aml_ohsu_2022_2284,-0.6084444444444445,1,8.843835616438355,Low
aml_ohsu_2022_2284,-0.07919999999999999,1,8.843835616438355,High
aml_ohsu_2022_2284,-0.7303703703703704,1,8.843835616438355,Low
aml_ohsu_2022_2224,-0.1901074074074074,1,18.378082191780823,High
aml_ohsu_2022_2224,-1.2423037037037037,1,18.378082191780823,Low
aml_ohsu_2022_2203,-0.25703703703703706,1,31.035616438356165,Low
aml_ohsu_2022_2546,-0.22643703703703708,1,12.230136986301371,Low
aml_ohsu_2022_2467,-0.32252222222222227,0,50.69589041095891,Low
aml_ohsu_2022_2483,0.5345814814814814,0,1.1506849315068493,High
aml_ohsu_2022_2126,-0.31766666666666665,0,0.0,Low
aml_ohsu_2022_2481,0.2917333333333333,1,0.0657534246575342,High
aml_ohsu_2022_2382,0.20079629629629625,0,12.263013698630136,High
aml_ohsu_2022_2377,-0.23449259259259256,0,13.216438356164382,Low
aml_ohsu_2022_2493,-0.31779999999999997,0,13.084931506849315,Low
aml_ohsu_2022_2194,-0.6231185185185185,1,11.835616438356164,Low
aml_ohsu_2022_2194,-0.24103333333333332,1,11.835616438356164,Low
aml_ohsu_2022_2520,-0.03954814814814817,1,19.101369863013694,High
aml_ohsu_2022_2307,-0.3690666666666666,1,6.608219178082191,Low
aml_ohsu_2022_2168,-0.009185185185185194,0,11.112328767123287,High
aml_ohsu_2022_2117,-0.47104444444444443,1,17.852054794520548,Low
aml_ohsu_2022_2280,0.009607407407407413,0,10.06027397260274,High
aml_ohsu_2022_2280,0.47222592592592594,0,10.06027397260274,High
aml_ohsu_2022_2538,-0.9139296296296295,0,7.035616438356165,Low
aml_ohsu_2022_2234,-0.6051148148148149,1,1.0191780821917809,Low
aml_ohsu_2022_2431,-0.9234259259259259,1,10.389041095890413,Low
aml_ohsu_2022_2282,-0.13660740740740743,1,14.235616438356164,High
aml_ohsu_2022_2547,-0.008544444444444433,0,4.010958904109589,High
aml_ohsu_2022_2508,-0.18011111111111114,0,52.14246575342466,High
aml_ohsu_2022_2120,-0.9153518518518517,0,0.9205479452054794,Low
aml_ohsu_2022_2143,0.2461037037037037,1,2.6301369863013697,High
aml_ohsu_2022_2268,0.023540740740740765,0,26.564383561643837,High
aml_ohsu_2022_2268,-0.40609999999999996,0,26.564383561643837,Low
aml_ohsu_2022_2673,-0.5050333333333333,0,53.917808219178085,Low
aml_ohsu_2022_2475,0.20212592592592593,0,9.863013698630136,High
aml_ohsu_2022_2475,0.23491111111111115,0,9.863013698630136,High
aml_ohsu_2022_2570,-0.29875555555555555,0,9.731506849315068,Low
aml_ohsu_2022_2216,-0.8374555555555555,1,1.906849315068493,Low
aml_ohsu_2022_2131,-0.1089037037037037,1,9.271232876712329,High
aml_ohsu_2022_2827,-0.2976814814814815,0,10.586301369863014,Low
aml_ohsu_2022_2500,-0.5493444444444445,1,11.9013698630137,Low
aml_ohsu_2022_2372,-0.9292592592592591,0,1.1506849315068493,Low
aml_ohsu_2022_2086,0.21968888888888896,0,10.093150684931508,High
aml_ohsu_2022_2695,0.08326296296296298,1,8.21917808219178,High
aml_ohsu_2022_2709,0.1940740740740741,0,9.172602739726027,High
aml_ohsu_2022_2668,-0.693722222222222,1,40.10958904109589,Low
aml_ohsu_2022_2624,-0.08692592592592592,0,9.632876712328768,High
aml_ohsu_2022_2701,-0.6615333333333333,0,5.819178082191781,Low
aml_ohsu_2022_2811,0.49877407407407404,0,9.501369863013698,High
aml_ohsu_2022_2809,0.07176666666666666,1,22.290410958904108,High
aml_ohsu_2022_2666,-0.2281740740740741,0,5.03013698630137,Low
aml_ohsu_2022_2615,0.11552592592592592,0,11.53972602739726,High
aml_ohsu_2022_2747,-0.7953666666666666,1,1.6767123287671235,Low
aml_ohsu_2022_2780,-0.4422555555555557,0,38.827397260273976,Low
aml_ohsu_2022_2645,-0.4812888888888888,0,3.419178082191781,Low
aml_ohsu_2022_2645,-0.14522222222222225,0,3.419178082191781,High
aml_ohsu_2022_2727,-0.5909481481481481,1,28.10958904109589,Low
aml_ohsu_2022_2790,0.32132962962962963,0,7.397260273972603,High
aml_ohsu_2022_2792,-0.41745555555555564,1,0.7561643835616438,Low
aml_ohsu_2022_2758,-0.35649629629629626,1,0.1643835616438356,Low
aml_ohsu_2022_2626,-0.4410777777777778,0,49.70958904109589,Low
aml_ohsu_2022_2815,-0.10651111111111107,1,0.4602739726027397,High
aml_ohsu_2022_2655,-0.30378148148148154,1,0.7890410958904108,Low
aml_ohsu_2022_2733,-0.21617777777777777,0,1.5780821917808217,Low
aml_ohsu_2022_2689,0.42919629629629624,1,8.843835616438355,High
aml_ohsu_2022_2823,-0.05401851851851853,0,29.62191780821918,High
aml_ohsu_2022_2630,-0.651125925925926,0,3.912328767123288,Low
aml_ohsu_2022_2613,-0.6206481481481482,1,4.438356164383562,Low
aml_ohsu_2022_2633,-0.4443629629629629,1,9.501369863013698,Low
aml_ohsu_2022_2767,0.4781037037037038,1,10.191780821917808,High
aml_ohsu_2022_2652,0.16263703703703708,1,9.304109589041095,High
aml_ohsu_2022_2608,0.6819481481481481,0,8.646575342465754,High
aml_ohsu_2022_2708,0.10241111111111112,0,7.66027397260274,High
aml_ohsu_2022_2686,-0.20644814814814816,0,51.945205479452056,Low
aml_ohsu_2022_2766,-0.7404481481481483,0,17.0958904109589,Low
aml_ohsu_2022_2631,0.37431481481481477,1,3.057534246575343,High
aml_ohsu_2022_2835,0.34752592592592596,0,96.2958904109589,High
aml_ohsu_2022_2835,-0.1852629629629629,0,96.2958904109589,High
aml_ohsu_2022_2824,0.8813333333333333,1,0.7890410958904108,High
aml_ohsu_2022_2829,0.3923925925925925,0,1.7424657534246577,High
aml_ohsu_2022_2785,-0.09122962962962963,0,50.07123287671233,High
aml_ohsu_2022_2596,-0.2823481481481482,0,8.383561643835616,Low
aml_ohsu_2022_2605,-0.2396814814814815,0,11.342465753424658,Low
aml_ohsu_2022_2784,0.5079962962962963,1,15.024657534246575,High
aml_ohsu_2022_2719,-0.6027037037037037,1,13.216438356164382,Low
aml_ohsu_2022_2818,0.2092814814814815,0,6.936986301369863,High
aml_ohsu_2022_2644,0.9740444444444444,0,10.027397260273972,High
aml_ohsu_2022_2614,-0.42011111111111105,0,46.84931506849316,Low
aml_ohsu_2022_2681,0.3739925925925926,0,7.068493150684931,High
aml_ohsu_2022_2617,-0.6496851851851853,1,10.389041095890413,Low
aml_ohsu_2022_2617,-0.2452185185185185,1,10.389041095890413,Low
aml_ohsu_2022_2617,-0.7470555555555556,1,10.389041095890413,Low
aml_ohsu_2022_2627,-0.06618518518518518,1,0.7232876712328767,High
aml_ohsu_2022_2704,0.051144444444444444,0,5.326027397260274,High
aml_ohsu_2022_2622,0.30306666666666676,1,2.0054794520547947,High
aml_ohsu_2022_2713,0.30296666666666666,1,3.978082191780822,High
aml_ohsu_2022_2702,0.45067037037037044,1,1.643835616438356,High
aml_ohsu_2022_2734,-0.3848888888888889,1,1.2164383561643834,Low
aml_ohsu_2022_2659,0.34427037037037034,0,5.950684931506849,High
aml_ohsu_2022_2714,-1.0591370370370372,1,12.164383561643836,Low
aml_ohsu_2022_2677,0.9866888888888888,0,5.819178082191781,High
aml_ohsu_2022_2728,0.6197037037037038,1,0.0328767123287671,High
aml_ohsu_2022_2643,0.6448037037037034,0,2.564383561643836,High
aml_ohsu_2022_2736,-0.9355481481481481,0,49.70958904109589,Low
aml_ohsu_2022_2807,0.14345185185185183,1,3.8465753424657536,High
aml_ohsu_2022_2609,-0.0004111111111111028,1,0.0328767123287671,High
aml_ohsu_2022_2638,-0.20542222222222223,1,2.0383561643835617,Low
aml_ohsu_2022_2646,-0.26071111111111106,0,0.0,Low
aml_ohsu_2022_2755,-1.2583851851851853,0,49.64383561643835,Low
aml_ohsu_2022_2768,0.6384555555555557,1,8.416438356164385,High
aml_ohsu_2022_2740,0.4340185185185186,0,3.254794520547945,High
aml_ohsu_2022_2699,0.1574074074074074,1,0.7232876712328767,High
aml_ohsu_2022_2694,-0.8130370370370371,1,10.783561643835617,Low
aml_ohsu_2022_2597,0.43371481481481466,1,0.8876712328767123,High
aml_ohsu_2022_2662,0.18925555555555557,1,0.1643835616438356,High
aml_ohsu_2022_2770,-0.1301925925925926,0,3.813698630136986,High
aml_ohsu_2022_2725,-0.13307777777777777,1,8.942465753424658,High
aml_ohsu_2022_2834,-0.34400370370370364,1,2.1369863013698627,Low
aml_ohsu_2022_2775,0.43508518518518513,0,1.8739726027397257,High
aml_ohsu_2022_2647,0.1929555555555556,0,2.2356164383561645,High
aml_ohsu_2022_2667,-0.5280407407407408,0,6.96986301369863,Low
aml_ohsu_2022_2628,0.34233703703703705,0,1.7095890410958905,High
aml_ohsu_2022_2700,-0.0806074074074074,1,17.95068493150685,High
aml_ohsu_2022_2738,-0.5755444444444445,1,0.3287671232876712,Low
aml_ohsu_2022_2752,-0.7996222222222223,0,47.83561643835616,Low
aml_ohsu_2022_2764,0.4214518518518518,0,0.6246575342465753,High
aml_ohsu_2022_2796,-0.3956925925925926,0,0.9863013698630136,Low
aml_ohsu_2022_2772,-0.4363481481481482,1,10.487671232876712,Low
aml_ohsu_2022_2743,-0.16984074074074068,1,32.21917808219178,High
aml_ohsu_2022_2640,0.5627074074074073,0,1.5452054794520549,High
aml_ohsu_2022_2669,0.08173333333333334,1,8.186301369863013,High
aml_ohsu_2022_2810,0.323862962962963,0,2.728767123287671,High
aml_ohsu_2022_2648,0.39641481481481483,0,2.695890410958904,High
aml_ohsu_2022_2769,-0.39490000000000003,0,2.4657534246575343,Low
aml_ohsu_2022_2660,-0.5601777777777778,0,45.56712328767124,Low
aml_ohsu_2022_2593,0.07864814814814815,0,0.4273972602739726,High
aml_ohsu_2022_2632,0.488837037037037,1,0.526027397260274,High
aml_ohsu_2022_2748,-0.4091444444444445,0,23.671232876712327,Low
aml_ohsu_2022_2820,0.20938888888888893,0,0.0,High
aml_ohsu_2022_2831,-0.653411111111111,0,0.0,Low
aml_ohsu_2022_2680,-0.8400074074074074,1,1.610958904109589,Low
aml_ohsu_2022_2707,-0.15280370370370372,0,46.32328767123288,High
aml_ohsu_2022_2741,-0.028885185185185146,1,5.49041095890411,High
aml_ohsu_2022_2711,-0.26182592592592585,1,0.6575342465753424,Low
aml_ohsu_2022_2612,-1.033737037037037,1,7.035616438356165,Low
aml_ohsu_2022_2742,0.04908148148148152,0,0.0,High
aml_ohsu_2022_2746,-0.2921814814814815,1,0.0657534246575342,Low
aml_ohsu_2022_2754,-0.21327777777777776,1,15.978082191780825,Low
aml_ohsu_2022_2753,-0.730351851851852,1,7.627397260273973,Low
aml_ohsu_2022_2641,-0.1793,1,0.6904109589041096,High
aml_ohsu_2022_2634,-0.017614814814814788,1,12.953424657534246,High
aml_ohsu_2022_2651,-0.20277037037037035,1,2.5972602739726027,Low
aml_ohsu_2022_2676,-0.9355666666666667,0,44.580821917808215,Low
aml_ohsu_2022_2603,-0.5053407407407408,0,41.19452054794521,Low
aml_ohsu_2022_2715,0.2911185185185185,1,3.715068493150685,High
aml_ohsu_2022_2600,0.3970370370370371,0,0.0,High
aml_ohsu_2022_2730,-0.09366666666666668,0,0.0,High
aml_ohsu_2022_2658,-0.03757777777777774,1,0.526027397260274,High
aml_ohsu_2022_2798,-0.6441185185185184,1,11.07945205479452,Low
aml_ohsu_2022_2674,-1.0181703703703706,1,1.7753424657534247,Low
aml_ohsu_2022_2720,-0.3079888888888889,1,0.7890410958904108,Low
aml_ohsu_2022_2783,-0.2435,1,12.263013698630136,Low
aml_ohsu_2022_2636,0.19425185185185187,0,17.128767123287673,High
aml_ohsu_2022_2717,-0.8044666666666666,0,16.24109589041096,Low
aml_ohsu_2022_2817,0.33159259259259255,0,17.621917808219177,High
aml_ohsu_2022_2825,-0.6025777777777778,1,0.4602739726027397,Low
aml_ohsu_2022_2814,-0.745474074074074,0,14.202739726027398,Low
aml_ohsu_2022_2625,-0.534514814814815,1,6.575342465753424,Low
aml_ohsu_2022_2757,-0.492874074074074,0,0.0,Low
aml_ohsu_2022_2602,0.13748148148148148,0,16.898630136986302,High
aml_ohsu_2022_2724,-0.8706333333333334,1,5.128767123287672,Low
aml_ohsu_2022_2797,-0.10785555555555557,1,1.7095890410958905,High
aml_ohsu_2022_2657,-0.837525925925926,0,38.1041095890411,Low
aml_ohsu_2022_2650,-0.9295851851851851,0,39.057534246575344,Low
aml_ohsu_2022_2653,-0.41540740740740745,0,0.0,Low
aml_ohsu_2022_2833,-0.594825925925926,1,4.898630136986301,Low
aml_ohsu_2022_2685,-0.583311111111111,1,27.452054794520546,Low
aml_ohsu_2022_2718,-0.3625259259259259,1,0.7232876712328767,Low
aml_ohsu_2022_2793,-0.6699,1,0.0328767123287671,Low
aml_ohsu_2022_2812,-0.295888888888889,1,4.175342465753425,Low
aml_ohsu_2022_2804,-0.24211481481481484,0,35.37534246575342,Low
aml_ohsu_2022_2806,0.21124444444444443,1,10.126027397260271,High
aml_ohsu_2022_2621,-0.3867333333333333,1,0.3287671232876712,Low
aml_ohsu_2022_2737,-1.0744,1,0.7890410958904108,Low
aml_ohsu_2022_2654,-0.9770333333333334,0,34.38904109589041,Low
aml_ohsu_2022_2786,0.5012777777777777,0,0.0,High
aml_ohsu_2022_2765,-1.0877074074074073,1,10.717808219178082,Low
aml_ohsu_2022_2739,-0.20745925925925923,0,37.150684931506845,Low
aml_ohsu_2022_2739,-0.5985148148148147,0,37.150684931506845,Low
aml_ohsu_2022_2763,-0.2040296296296296,0,31.33150684931507,Low
aml_ohsu_2022_2723,0.5467925925925926,0,0.0,High
aml_ohsu_2022_2744,0.1434666666666667,0,0.0,High
aml_ohsu_2022_2639,-0.02229259259259257,0,0.0,High
aml_ohsu_2022_2649,-0.3716518518518519,0,17.391780821917806,Low
aml_ohsu_2022_2726,0.3604444444444444,0,0.0,High
aml_ohsu_2022_2688,-0.12076666666666666,1,2.9917808219178084,High
aml_ohsu_2022_2693,-1.0205925925925927,0,35.276712328767125,Low
aml_ohsu_2022_2679,-1.0116444444444443,1,0.4602739726027397,Low
aml_ohsu_2022_2805,-0.9427185185185185,1,17.786301369863015,Low
aml_ohsu_2022_2805,-0.3014629629629629,1,17.786301369863015,Low
aml_ohsu_2022_2629,-0.5887296296296297,0,34.98082191780822,Low
aml_ohsu_2022_2692,-0.8431222222222222,0,0.0,Low
aml_ohsu_2022_2672,-0.5393370370370371,1,0.9205479452054794,Low
aml_ohsu_2022_2773,-0.3856888888888889,0,33.797260273972604,Low
aml_ohsu_2022_2619,-0.43209999999999993,1,5.391780821917808,Low
aml_ohsu_2022_2619,0.011344444444444428,1,5.391780821917808,High
aml_ohsu_2022_2619,-0.3649888888888889,1,5.391780821917808,Low
aml_ohsu_2022_2696,-0.9806555555555555,1,31.95616438356165,Low
aml_ohsu_2022_2703,-0.6657592592592593,1,15.517808219178082,Low
aml_ohsu_2022_2778,-0.5869037037037038,0,25.775342465753425,Low
aml_ohsu_2022_2731,-0.5851814814814815,1,0.1315068493150685,Low
aml_ohsu_2022_2623,-0.6515333333333335,0,30.476712328767125,Low
aml_ohsu_2022_2788,-0.8003555555555556,1,19.16712328767123,Low
aml_ohsu_2022_2620,-0.3233,1,2.7616438356164386,Low
aml_ohsu_2022_2716,-0.49488518518518526,1,0.5589041095890411,Low
aml_ohsu_2022_2665,-0.8955518518518518,1,13.972602739726028,Low
aml_ohsu_2022_2782,-0.17005185185185187,1,18.673972602739727,High
aml_ohsu_2022_2776,-0.6919740740740741,1,4.602739726027397,Low
aml_ohsu_2022_2697,-0.8809703703703704,1,2.4986301369863013,Low
aml_ohsu_2022_2760,-0.21133703703703705,0,0.0,Low
aml_ohsu_2022_2610,-0.13118888888888888,1,3.616438356164384,High
aml_ohsu_2022_2781,-0.4450592592592592,0,26.4,Low
aml_ohsu_2022_2759,0.09851481481481483,1,24.69041095890411,High
aml_ohsu_2022_2595,-0.20581481481481478,1,10.323287671232876,Low
aml_ohsu_2022_2749,-0.2711962962962964,1,5.6219178082191785,Low
aml_ohsu_2022_2774,0.11155185185185185,0,0.0,High
aml_ohsu_2022_2594,-0.8828851851851851,1,8.67945205479452,Low
aml_ohsu_2022_2607,-0.8732703703703705,1,0.7890410958904108,Low
aml_ohsu_2022_2611,-0.5435740740740741,1,15.386301369863014,Low
