gene,importance
MDM2,0.6601433344909661
CDKN1A,0.6447618115198541
RELB,0.6193909266821268
CD70,0.6089438797907658
CD69,0.5989017026031682
TNFRSF10B,0.5890672211483818
NFKBIA,0.5888068672884319
CD40,0.5825978091089521
RGS16,0.571307343173167
ATRNL1,0.5645470393032124
TNFRSF10D,0.5528023805219576
PURPL,0.5512138297110233
PPP1R15A,0.5506653556708966
TNFAIP3,0.5446872143708268
IL4I1,0.5396540511423017
NFKB1,0.5369751028472172
AUTS2,0.5357881101147017
NFKBIZ,0.5272281261115954
STK17A,0.5264600918712942
PPM1D,0.523529545133816
JUN,0.5193361953885746
ZNF704,0.503426045030608
FBXO22,0.5023808784025297
ICAM1,0.4873075476017552
CD83,0.4824858801136111
AL365295.1,0.47719185093005184
ATF3,0.47651268943642666
DUSP16,0.4763482509406847
TANC1,0.47434064870716003
KCNQ5,0.4738524989968031
AC068587.4,0.4722648547964857
PSD3,0.47047979745819624
IER3,0.4689532658250084
VWCE,0.4677216559047522
ZMAT3,0.46102998603898776
GRIP1,0.4604868798260233
ASPM,0.45898316242439785
HMMR,0.45853771293059503
MAML3,0.4561656077406789
SMYD3,0.4534611967619876
AC069277.1,0.4494084356870825
NFKBID,0.4471392419658334
APLF,0.4470803111314583
CENPE,0.44047929696777094
CCNB1,0.4352762196538204
PINCR,0.4308160876006327
CENPF,0.430039610104913
PLA2G4C,0.4215474653288988
WWOX,0.4169988172890863
SNTB1,0.41647669173265367
SESN1,0.41578390338437005
HIST1H2AC,0.41299459845795683
IKZF2,0.4092695450406413
MKI67,0.3968317989243877
ACTG1,0.39559280334620994
ZBTB20,0.39173668588409
APBA1,0.3911476473510949
PLCB1,0.37252939201869195
MIR34AHG,0.37146746300541433
AFF3,0.3701964813723535
IMMP2L,0.367495014900177
CKS2,0.36708755909905627
CCL4,0.3563487527504622
ACER2,0.35383329947069436
NRIP1,0.3473047029602957
ASCC3,0.3464840152546968
PVT1,0.3457866883262225
POU2F2,0.34540387847069437
SENP6,0.33725899476189547
TANK,0.33647031142011136
LYST,0.3298626635288671
LINC01707,0.3296747371307046
CACNB4,0.3239975793897929
NRXN3,0.32232500880204923
ASTN2,0.3194905318288237
NCKAP5,0.3193976057211233
ASPA,0.31772043512523246
NTN1,0.31709281752163243
CBLB,0.313658836978688
BACH2,0.3112423528018894
EPB41L2,0.30888022149415373
AC093865.1,0.302624508590313
SULF2,0.29948809157093115
AC008415.1,0.2976975645632159
TMEM178B,0.2947059972003728
MTUS2,0.2945234855104601
PBX3,0.288804647862174
MTHFD1L,0.2848928779858298
ANK2,0.28302147059093147
SREBF2-AS1,0.280132465268164
AL023574.1,0.2750245691415602
PDE3B,0.2706886719923303
TNFRSF4,0.27068047318637095
AL591519.1,0.26904128743784733
XKR4,0.26874426588303735
CLECL1,0.2642782789954048
NFE2L3,0.26361623036520526
AC112482.2,0.2624402646596797
MIR155HG,0.26229513876721894
PLEKHG1,0.26042030019261064
CLVS1,0.26027210072248175
GPHN,0.25703564911533694
IGKC,0.2518462291518649
DPH6,0.25173079633146855
CAMKMT,0.24850860670647887
LINC00158,0.24632548617579117
VLDLR-AS1,0.2447107305070068
AL591501.1,0.2407710406502428
IGLC2,0.2399627147659588
PIF1,0.23933461713462778
SLC8A1,0.23824984599176413
SNHG31,0.23510221121265074
RFTN1,0.23009046441885903
LHFPL6,0.22797988298665955
TP63,0.22659562266265287
CCDC26,0.22538252913211293
AC093866.1,0.2223223765190585
CCL4L2,0.22217678083925987
LINC01572,0.2194875384197682
MECOM,0.21184851551475475
LNCAROD,0.20837447807958637
SRGAP3,0.20837175341342784
AP001341.1,0.20718446141334856
DMD,0.20360299168427495
ABTB2,0.20338901153302985
LINC01117,0.2029320619152558
NCALD,0.2026740739262066
CSGALNACT1,0.20211226587528833
PKN2-AS1,0.20150487687235474
STXBP5L,0.20032994577271912
RDX,0.19923840760571288
KDM7A,0.19919193252556533
AL133346.1,0.1947030018215149
SNX31,0.19441810737885992
LINC02653,0.18872377398447418
SLC4A4,0.18834631139781374
IGLC3,0.1871891177691041
LINC01619,0.18611138574304367
AL353138.1,0.18601012772256292
PEAK1,0.18340916368925161
SCN1A-AS1,0.1817084035377586
MIR100HG,0.18021960163035589
AC073529.1,0.1792119846758754
AP003049.2,0.1791033545464035
HMGA2,0.17843464533709633
SLC8A1-AS1,0.17804913565077624
PARD3B,0.17726586588298168
TEX41,0.17479236187382555
MAML2,0.17295478321350563
GADD45B,0.16979125633577574
DTNA,0.16953704961580282
AL391704.1,0.16674611077729382
AC073114.1,0.16340748250441806
HIST1H2BG,0.16201721395811822
MIR4527HG,0.16201618848718963
LINC02715,0.1619710025827691
TUSC3,0.16160340008170104
NEGR1,0.1611538865531387
DAZL,0.15820207064681413
AC113414.1,0.15735934024349738
KIAA1211,0.15167496112299791
PDE4D,0.1502781248989558
KCNMB2-AS1,0.15025513512338295
PLXDC2,0.14925103960840178
AL049828.1,0.14795548352507282
SORBS2,0.14727801712839908
EDA,0.14398229196363005
MYRIP,0.14320566748109023
AL356010.2,0.14314003088723054
MIR99AHG,0.13867889330240823
PTCHD4,0.1374112114974527
SGO1-AS1,0.13409944326079368
MID1,0.13256932507680663
TRPS1,0.13198046076012762
LINC01091,0.13141521376588872
HECW1,0.12880742125345687
AC016152.1,0.12661324166521715
AL050309.1,0.12367946912692335
DLG2,0.12179822143009185
MCTP1,0.12137207348165306
TMTC2,0.11961736376006288
SLIT2,0.11619620970924989
TBL1X,0.11483624898053404
GRIA4,0.11350994921235967
GPR156,0.1107044754117679
AL589693.1,0.10798985896363603
STOX2,0.10795121393465987
RBMS3,0.10790803579472812
LINC02334,0.10695286804476098
AC078923.1,0.1062066344915488
ADAMTSL1,0.10469924133514394
AL163541.1,0.10433073565091952
LINC02328,0.10021880860880251
LINC02388,0.09961873893122582
REEP3,0.09841823888480858
ALDH1A2,0.09832387591292983
TAFA2,0.09780573308483581
AC008014.1,0.09714707472349061
MMP26,0.09606171061830893
DPP6,0.09525634065393604
NPR3,0.09507553235509845
GPC5,0.09400224635732583
RUNX2,0.09344836785284007
MTSS1,0.09258576868838513
SLC16A10,0.09169090556038606
LINC01340,0.0914502064082413
CDH11,0.09034758919514621
DRAIC,0.08798252037868066
AC020651.2,0.08762096447913846
TPH2,0.08735991621074221
SPATA9,0.08719994977921428
CRPPA,0.08697928789136522
LINC01374,0.08615163824326275
MSR1,0.08410945625456741
TRHDE,0.08393673601570165
AC022655.1,0.08337192430094044
LINC00243,0.08334895282233142
DYNC1I1,0.08292827227627819
AC132807.2,0.08247173423090016
CFAP161,0.08123226283873103
TRPC6,0.08118622325042349
AL157911.1,0.08085258679356697
MAGI1,0.08036547788877858
AC073475.1,0.08020539820894662
LINC01483,0.07986950789042219
AL078604.4,0.07920377180254404
GMPR,0.07796360181675163
C8orf37-AS1,0.07790819317724386
FOXO1,0.07786413698704457
DIRC3,0.0778522901076714
GRM7,0.07588039821350925
AL355835.1,0.07549957613988005
CCDC144NL-AS1,0.07527662510460816
TAFA1,0.07416961581793244
AC025159.1,0.07360483497936623
CTNNA3,0.07349891023092087
LINC01505,0.0730121254754347
DGKI,0.07214738083981222
LINC02540,0.07152606793808468
FOXP2,0.07011735421902231
AC016074.2,0.0698720647002607
PTPRK,0.06965131957817328
AC104123.1,0.06936210727665329
TMEM232,0.0687045295316211
ALCAM,0.06760679828293771
ANKS1B,0.06635250797969516
AJ009632.2,0.06631199718999
CXCL8,0.0662192695078712
KIAA1217,0.0656225208695528
AL512604.2,0.0654825809440238
THSD7A,0.065011191873611
KLHL13,0.06479391520310951
NELL1,0.06464568736065836
SOX5,0.0640984523298425
GRIN2B,0.06364202346854793
BLNK,0.06305035359944795
PTPRC,0.06233969949425452
SEMA3A,0.06200988845574439
KIAA0319,0.06179335492163602
IGSF11,0.06164052056660284
KCNQ3,0.06120723200404753
LINC02542,0.06116317153613763
PTPN14,0.06035510262911049
LINC02842,0.05972086400000282
RGL1,0.05931483951069885
AL133395.1,0.058980223138246614
ADARB2,0.058838133111401694
AC002069.2,0.05834041641228567
AC009975.1,0.05825906168215926
AC093916.1,0.05808677838515958
AC099517.1,0.05769164455695213
AC116362.1,0.05768224210943108
LINC00326,0.05757792652612426
EPHA7,0.056801160090540044
LINC01933,0.05654584929079402
AL589740.1,0.05638951361421853
RAB44,0.05555974292976514
PRL,0.05448137213215139
MAPK10,0.05431253070485621
ADGRB3,0.05353170927761358
RCAN2,0.05292360715172224
CABLES1,0.05263687420478136
GNG12-AS1,0.05237121066656523
AL159156.1,0.05155073966441508
AC083837.1,0.0512402747676116
MSC-AS1,0.05122852824478359
AC021851.2,0.050998017765241786
HPSE2,0.05096504251120603
DNTT,0.05021855682230036
NAALADL2,0.04957436061197711
GNAQ,0.04901997664920926
LINC01170,0.048352289452725454
KIAA0825,0.04795071483029008
AC129926.2,0.04739908184324022
FHIT,0.047264628364406584
CPE,0.04661073177131561
AC034195.1,0.045901748530469
ANGPT1,0.04551590978598647
AC112770.1,0.0450266391325713
STK32B,0.04415135014421947
RORB,0.043976541626452384
AC097511.1,0.04376173667855542
DOCK3,0.043147403222416884
SLC35F4,0.04308103660776955
AC007100.1,0.042685227638146854
AC022325.2,0.04237270498663866
MIR548XHG,0.04137442191109233
LINC01515,0.04116178821087999
AC068051.1,0.0409763983905562
IL1RAPL2,0.040771556258048056
HTR7,0.040497519939516814
TENM2,0.040484883673740084
FBXL7,0.04018791392633936
AC009975.2,0.04000279778421408
CHODL,0.03990164046624796
TCERG1L,0.039865909781314234
PLCL1,0.039839195755033474
LINC02006,0.03914327052038845
RIMS2,0.0391171035553902
SBF2,0.03870520518608337
AC106793.1,0.03824677910224461
AK5,0.03793167749695426
CFAP299,0.037729950711469624
POT1-AS1,0.037596399363160594
AC114689.3,0.03702341165319346
LINC00907,0.036464980250013775
LINC01482,0.03544980687415437
CASC15,0.03537373913023219
ATP8B4,0.03535962998376498
CCDC144NL,0.03534071761541374
DOCK4,0.03520457273767743
KCNMB2,0.034596847393718246
AC090015.1,0.034416580328302054
LINC00408,0.03437273376236293
PTCHD1-AS,0.033851282941316195
DHRS2,0.03377919568350596
AC002460.2,0.033504425287773434
AC105411.1,0.03316647845630227
LINC00922,0.03267992995457866
EGLN3,0.03258539854082661
ATXN1,0.03251748762401286
ZNF804A,0.03222134196298401
AC132803.1,0.03216181636055872
LINC01435,0.031997125012489275
HNRNPLL,0.0318811138849755
AL627171.2,0.031859286561431145
LINC02757,0.03143627297635529
KAZN,0.030932552598741038
AL590550.1,0.03066257087034457
PALLD,0.03046191241313212
LINC02008,0.029779270426099895
ZNF718,0.029541210223367625
TOX,0.029354854825658243
LINC02377,0.029272838682858335
AC095050.1,0.02897169048322971
GRAMD2A,0.02825394227302011
Z93403.1,0.027775581911337856
LINC02528,0.02750670570271636
BICC1,0.027283957388460775
AL356108.1,0.027265608641264736
NALCN-AS1,0.0271881192298865
AL513166.1,0.02708467119208849
FRMPD4,0.026512984490551176
LRMDA,0.026509382314717302
AC011997.1,0.02647947268144031
DIO2,0.02629343138899961
AP000676.5,0.02618790581655388
PRKG1,0.025709703843376085
FAM155A,0.025661602666543826
AL358944.1,0.02559704541670487
AC007402.1,0.025078006981541147
LINC00504,0.02490779695382354
SOX2-OT,0.02470871084053013
MIR2052HG,0.02447879569333656
TRPM3,0.02400876595980511
FRY,0.02351968608590142
LGR5,0.023197554833127333
COL25A1,0.02257902724451175
AC010197.1,0.02240385810355659
CNTNAP4,0.022345035027010577
HES1,0.022080186777001007
STK33,0.022076392202851857
AC109927.1,0.02207331196063158
AC108037.1,0.022071855326198167
AL136441.1,0.020791588990821
SCHLAP1,0.020143800277067463
AL034348.1,0.020052346213743646
AC138819.1,0.019837204859821052
GRIK2,0.01948955681471604
GNGT1,0.01926425449600405
DISC1FP1,0.019145924692030254
AC093240.1,0.018959411135764898
AC060765.2,0.018940445692157932
AC026167.1,0.018858189552543276
SAMMSON,0.018796273757678898
MCOLN2,0.018563102485454164
PCAT1,0.018440095424869844
AC092957.1,0.018356182376853426
C13orf42,0.01785969266358581
SLC9C2,0.017725542054240068
LINC02511,0.017408859896491234
XACT,0.017349825559859818
ESRRG,0.01689636845199125
AL355838.1,0.016786116925399334
RANBP17,0.016568845418868265
AC024901.1,0.016308948686970425
AC011306.1,0.016085461263814743
PDE1A,0.016011264316698935
AP003472.1,0.015894427121179402
PPP1R3A,0.015890980831042414
AC116049.2,0.015871358906427182
AC098617.1,0.015864269427054937
LINC01647,0.015806896467248033
LINC02853,0.015797811442994546
RNF223,0.01577497565494364
AC083902.1,0.015766136378705775
PCDH17,0.01546052945309889
AC138305.1,0.015094629905413333
AL096854.1,0.014992669440435868
MED12L,0.014876765910436284
EXOC6B,0.014616947905659544
KCTD16,0.014569315508976591
AC114485.1,0.014551208538713634
AC013287.1,0.014543425772656573
LINC02759,0.014240894612790555
TKTL1,0.014136702317222216
LINC00970,0.013854289511807682
LGSN,0.01383466953625721
NLGN4X,0.01378061178410119
HAS2-AS1,0.013539000655571959
KCNK2,0.013000110127828736
FGF13,0.01224540003825699
LINC00448,0.012202034243846001
DPP10,0.011796100800465677
LINC01344,0.011790948312125333
SPAG16,0.011741746288165213
LINC01266,0.011723234445069458
AC099563.2,0.011429373353437414
AC091946.1,0.01124161786319473
ZNF385D,0.01087821217990396
AC008568.1,0.010851795800570083
AADACL2-AS1,0.010571362982266411
AL357507.1,0.010564150664812661
LINC00621,0.010407237886621207
AC093772.1,0.010366543715098426
LINC01821,0.010210696839518708
NAV3,0.010122047764528488
TENM3,0.010051009501760723
NKAIN2,0.010034811448559675
SAMSN1,0.009508447695428641
HS6ST3,0.009392403447722459
FRK,0.00936915995289665
AL050344.1,0.009201866132841413
DCAF8L2,0.0090706352472753
LINC02742,0.00824368034165966
CD36,0.008225189108020411
AL392023.2,0.008058701363432478
LINC00607,0.007863187395414362
AC078980.1,0.007826976355257831
HULC,0.007680933273128418
AC124290.1,0.007546209003695069
TMPRSS11B,0.007244056793168839
AC124290.2,0.007220603262300983
AC004949.1,0.007181987231692146
AC010343.3,0.00706497472746177
AC007091.1,0.007058316888610394
LINC00276,0.0070331034450061385
AC104248.1,0.00672407761381823
AC093607.1,0.0064709266565118025
AL139379.1,0.006386250968040499
PIRT,0.006384685557030361
PRR16,0.00625379380452443
AL136456.1,0.006028323945385243
SGCZ,0.005946210515327576
AL137191.1,0.0056548599927430075
LINC01208,0.005565283910959332
LINC02755,0.005237202163711646
AL022151.1,0.005113929875520256
AC068413.1,0.005005627990585965
AC008127.1,0.004946338302077294
LINC02197,0.004800015241765684
LINC02224,0.004723331298451133
AC005909.2,0.004667106973065544
MIR4300HG,0.0046579344923369775
LINC02839,0.004490163933737378
AC097462.3,0.004273240164050224
AC113137.1,0.004268858871414654
MRVI1-AS1,0.004215749735489222
KRT86,0.00398505861564096
AC004704.1,0.0038608618947345956
AC087664.2,0.003638333769403869
NEXMIF,0.0033339024661093748
AC233296.1,0.0033287815998140407
C5orf64,0.0031831750627042167
AC110023.1,0.0031298833595162414
ZNF804B,0.0025818247475307542
AC104051.1,0.0020893767540432926
AC079142.1,0.0019854509892866827
LINC01748,0.0015781154918364881
GABRA6,0.0009945390623705137
